Engine_Size_Liters,Car_Weight_kg,Horsepower,MPG
-0.39630102547675783,-1.102178571562442,-0.8284893755872255,31.013610648280636
1.5769573316843197,0.11944662666471814,-0.8791793021843582,16.268459395002527
0.8278925581457222,1.2529921142585654,1.3900474712706072,13.46801460021798
0.37125060555064027,0.7711432689198596,-0.8703423105240531,16.722437518769322
-1.1446846615189399,1.025681359254642,-0.7932293889168729,28.98141244309984
-1.1447672670959146,0.519668903511709,0.8845681282283756,25.92601541225189
-1.4800886368661763,0.6343544478547071,-0.18127593428426778,27.76457990806857
1.2874344138359886,1.1716680546196994,0.9441570337808378,10.909412787524504
0.3796636230281968,-0.8812011413392548,-1.504289885802566,21.67780198338606
0.7459676255872394,-0.06023871703589722,-0.05106045013259865,19.444865140364847
-1.6085141188213918,-0.978647383138868,-1.6135821658503702,34.07712822712566
1.6426974705055222,1.6458173927996878,-1.5136278719270313,8.521274710771651
1.1719052526132527,1.496495017193497,1.3906769193993183,6.535958448230674
-0.9518005633224257,-1.6010973517992169,-1.249997685005713,36.1570796400508
-1.0563041837828133,0.6798908014157593,0.10331145791376081,24.43780039344356
-1.0508946291817043,1.4320833613935753,-0.3142893805150937,27.19377481427072
-0.6370543845835686,-1.117784396119041,-0.5337246705930753,28.670629287552647
0.11815380603631973,0.20862601198540587,1.3679455855144018,15.501115943196254
-0.19970301621641903,1.3986636445551,-1.6541640376410183,19.619211466076536
-0.6816211394487013,-1.6198645144558628,0.5554834764241627,32.20557462524295
0.4164382960077388,0.6519672285395911,1.5867228072663588,15.39831892190226
-1.201278067689366,-0.7179345192385115,0.19881833737286886,29.294137650862588
-0.6784857430418858,1.4291655725199162,1.4952620978150468,19.658629529327648
-0.42430965712288654,1.5889431670932506,-1.5494085703654625,23.316277293250437
-0.11708079716436127,1.4972043267348574,-0.2877938458579036,21.221389101763464
1.0100282158260128,-0.11232251052617735,-0.8338172214200397,21.51683691694189
-0.9951762748478615,1.2156580352300637,0.7862050906615697,22.01947490878228
0.08211850369054693,1.1557586135147395,1.6483437375326497,13.24718646235508
0.34986669356335476,-0.6434543600729234,-0.846303860412499,22.833340368605192
-1.5199295539485533,1.102225799521701,0.5223883616821072,26.762755994739035
0.40168428292813146,-1.60938096188955,-1.0474282420584815,24.59687124929536
-1.095006861549009,0.30561369541937544,0.2165861824816601,24.90078178433144
-1.4562249743199458,-0.948516982782367,-0.13242486285594746,33.6113232883707
1.5706942360798257,-1.3232620237070412,1.616361503204754,15.268257988516012
1.6280469664619206,-1.4726015742667498,0.3652702883150272,17.528638106628094
1.089555894097677,0.6480928387519694,-0.5262794683830603,13.981634896453338
-0.6357819964374566,-0.5723195055270608,-1.3365625430204078,28.94128385039229
-1.344507516111434,0.7456056069204746,-1.2086886763752225,27.22903506889222
0.6643228820056019,-1.5123108998631791,-0.9537394403770222,26.49392751530465
-0.17159438313825556,-0.6565008137539362,-0.8654530830774115,28.53963043259097
-1.2610593981397493,0.1111956200784972,1.1985397155584125,23.02269641222228
0.01685104152165856,0.9714498190270295,0.20244828641975862,17.189959192497046
-1.5612386388157367,-0.6446458606511407,0.07223099285960949,29.274112159003632
1.4351931405419165,0.40704198055300433,-1.3342457781068888,14.353519221304264
-0.7927517224712988,1.2976152634549407,1.2313200622420932,20.570552565170157
0.5899687989373854,0.37270401630762434,0.758646166504451,14.013479323082404
-0.6114754230300995,-0.9384135741473447,-1.4963657001076778,28.75047710234363
0.10209712506951558,-1.6525486470210948,0.7070877501202074,23.46454353403028
0.1933404672974187,1.2432437054693637,0.14157800575264004,17.83765451795927
-1.0459289131245668,-1.6632709123611376,-1.4479815716492972,35.05729749907654
1.641583654971877,1.259004352959646,-0.15180966991227363,8.782161402466702
0.9756328776082356,0.07505665830462083,-0.06095587642140143,17.39451963300436
1.538547397868882,1.4794029172253438,-1.1586843039140329,10.609799380659412
1.3855579157979054,0.999048665452872,1.5258121991945213,9.155195120112037
0.36865290658374983,1.680970009891704,1.1963344735587995,16.91549645066859
1.4781870064709128,-0.5352125609629831,0.5734942579936259,17.867347097070308
-1.375945484690469,0.8908630064426498,-0.13805915991534592,24.5396935704957
-1.007816789432221,-0.3598309749233644,-0.311983451006682,30.788930251564967
-1.5241184595450867,-0.09293704716502761,0.5113700596060253,31.39468898293926
-0.5648327432926137,0.4125688467006671,0.14809595481847865,21.527140741775018
-0.3478846071209848,1.255496116758522,-1.514936167506076,24.46831815947348
-0.749705741182019,1.6335434144963878,0.03475360067757368,24.483232269542235
1.1592160656493262,0.8945786308623535,1.0463605262552278,9.700321551073923
-0.4572165212107794,-0.30560667492708254,-0.14857682002948222,23.985871316789957
-0.7168777790683689,-0.2933132429900283,-1.5504456507130595,31.3843662177504
0.17959280844635825,0.7894878318860753,0.9770888522539426,18.05273583224013
-1.1963794130558876,-0.9184930287587639,-1.0361861582155654,33.99118061971603
1.0683211234684586,-1.3578211342311717,-0.8391074231397322,22.64033913951892
-1.4236930046958003,-0.521822984813735,-1.1623610018865584,33.90384437067825
1.7008399115792259,-0.752552672532369,-0.592680134173839,13.82753961772162
0.9657419853370431,-0.7214986663024218,0.8754579934380248,20.04469023062453
-0.9984575396189836,-0.9361937825242455,0.058445607154286074,32.52153656542008
-1.6600991468829434,-1.5919672876938342,-1.024078953188689,36.81452962686164
1.1137486744482175,-1.674897512753883,1.2922103542206067,19.2157186188301
0.7418057408718093,1.6460036037258452,1.2982399687254484,8.487386891532871
0.817663574566365,-0.27134348264749514,1.2672501693585871,17.827525654690835
0.9624048216780332,-0.4201105245845482,-0.9073437632275422,21.028482630024136
-1.4254259057125813,0.5911099637335837,-0.1761146503886331,28.20964894927972
-0.45135195571024295,-0.9887676265406218,1.6610535458663405,27.19484058413273
-1.2821873435060418,1.5167037839376434,0.9279862435229499,22.47772325501158
1.2769110853851946,0.9564583999509605,-1.6357699092635982,16.48319596725297
0.45563547003723304,-1.4299442663297979,-1.504845996906294,24.395090223790472
-0.5457647268330909,-0.3062435876321718,-0.1324286830483667,26.215694058267957
-1.461338972307328,1.2741275483636931,1.4002551515951605,23.706268991771832
-0.6139712319180346,1.4987983795402473,0.12493105363319768,21.3966241213412
-0.5653362129449694,-0.1356501973185082,-0.015809853345837416,24.945443689967966
0.8197150411197915,0.36430870268912924,-1.3662397532557229,18.80047172669863
0.5044703039541545,-1.1641521012413487,0.531356502026543,23.859107832057237
1.3594797107976249,1.6578040146586233,1.1003983434217959,7.705598830538703
-0.061788247909083514,-0.942823096068815,-0.4198747571294596,22.81599209123229
-1.2694294737846106,1.4919492410988973,0.9403752884031736,26.63084964517338
0.7636812019622785,0.4883834630747869,1.5904478066644805,17.119861566378994
0.9264951914156945,0.3448780725169603,-1.027916145709449,15.443636906606496
0.24322866733908266,0.019419027477691628,0.07202006652468178,22.223560935622764
0.9613665483585547,-0.9462537109161141,-0.7409515052668455,20.159398128880923
0.012120373342262862,-1.1316429805150705,0.9997241956373476,24.49195951326527
0.11122345383023374,-0.9811238364782091,0.25879580293566823,24.75539106269109
-0.21478566058348061,-1.0977089218870713,0.45495207847364966,25.44431839269928
-1.591956662607059,0.933309332138379,1.0171398191421257,24.770343189840126
-1.3095088209404595,-0.5372210143575538,-0.36635006706485357,29.937379065443444
-1.5713736526569548,-1.5380387708722754,1.4204592143250758,30.981977691644303
0.5005418983427181,1.5822468589381415,0.10540483015352016,13.211585996253795
-0.6024172580133582,1.2901100071933698,-1.1855997654260297,23.41642086758227
0.06272152820465003,1.4406573016932502,0.666004118634442,15.27882951075019
1.4291863574199677,1.6706075632944415,1.0011248532435304,9.695218081924637
-0.8252449983226383,-1.1406580088408333,-0.6389866854797938,33.93776663763259
-0.27354802050825994,-0.3793105716430162,1.2211302424169037,21.761812725798727
0.9085703051281943,0.8602175539653687,1.3896642880997043,13.303330174519829
-0.895432249429708,0.6471746276503518,-0.7761751042016065,27.32551282937857
-1.4153733509629505,-1.209138645949909,1.6560000595536593,31.60839114885953
-0.6866818638718128,1.057429947440149,-1.2449511738856327,24.918210882014883
-1.1268668444040952,-0.9675835275171031,-1.0339423661472853,34.14809133840731
1.5049803338021546,-0.9697166222627461,-1.0951783875482706,19.896949883083423
1.0886073432569943,0.10257749563911651,1.347831795638986,11.68121966020926
0.49024482716662426,0.2942114876868046,0.5227943484274372,19.774465380619095
1.30553236811018,0.25019847087168273,-1.2057373186362643,18.366065843376177
1.0733729738614766,-1.422836307331161,-0.21368725931511992,19.614715574292145
-1.0400533832209817,1.268452217649833,0.38857521319522936,23.520396649265823
1.3777893546325266,-0.8266475579136736,-1.4419968324060264,21.09388952797281
0.1681067068413137,-1.2926226584048413,1.3079963620355497,22.71301440413189
1.0862777378846635,1.3071012788884824,1.0367226467100004,13.285093412504834
1.3898866395754412,1.5361882414799848,0.009641203421107277,15.21347003100446
-0.5899254665249007,1.2159489720252217,1.5995689717856856,17.760205490182454
-1.3021096352300388,1.0357994554059096,-0.2913471587161209,23.805906116859948
-0.8983878274814013,0.5075426863705498,1.6580268681750117,23.53818873626749
-0.21626936847646155,0.15011471274903934,0.5697000095685816,23.53984311534869
1.1224932426803087,-1.4382452222720088,0.4552579197427247,19.4169089910202
1.2687846687047257,-0.33749768001338076,-1.1580635216754975,21.33268226272366
-1.6552016940496026,-0.4599611622803367,1.306314566407659,27.60835498602385
0.07017590008287257,-0.8466659921033155,-0.25786095043917845,26.18640364729245
-0.24947853229196645,0.7409944560732568,-1.1708728859481603,22.064618773692956
-0.9183451102317493,-0.0381503444120713,-1.6858850790674846,33.31397726528464
-1.2685009480526541,-1.4585865025130926,0.1973985132722744,36.89431124360621
-0.5227601114683049,-0.9821613766002024,0.08602897242001109,26.239823760207432
1.550228440604594,0.6034761959134854,0.7467345055031641,10.111413860368078
-0.572118573581938,-1.4754173924630305,1.3349874349184985,29.23282091638688
0.09772233847917144,1.1785549077072817,-1.455962745728387,19.846642811480336
0.7286601933118888,-0.04064725809383004,0.7885302484716395,17.253289986044624
-0.43366692673768925,-0.09050262768597887,-1.0842083748758544,26.5875537268641
1.649109410985955,0.29238932864222433,1.2245646560884331,7.010342264983533
1.6171400024380584,1.0877262320672572,1.0899358814975215,8.878520564749088
-0.816717117370427,-0.545151508230645,0.13213156826059985,26.59008477107123
0.02394576005640987,0.5855247386860979,0.715375056613863,18.347808610981
-0.6485750485254564,0.2010474677893927,-0.6472872866621072,29.01664417908562
-0.7035007186254792,-0.8217571004995077,-0.10752057902791538,26.04526795671566
-1.5526821283664682,1.2724554660572422,1.0987934668850416,26.63930620992624
0.4086005245343611,0.9944013682196069,-0.14848967006591823,16.915623846893602
0.042543979048554614,0.5185336899049581,-0.49773877772041114,20.775628265547184
-1.5027087008782067,1.17641418417178,-0.028201260018081414,28.37956176350957
-0.7247137857912573,1.2336401004385902,1.121553187177717,21.41897826011977
1.4315816758565219,0.6894366454395148,-0.5754942919424268,14.79868682408624
-0.8585690731282903,1.1299540213467816,-1.131192873231881,27.21580940249048
-1.1827808993164248,0.6521425256324239,0.7214716004782225,24.80968520951229
-0.0027527983254338165,0.5927997415394689,1.11373627003629,17.60368677976172
1.6966052557071314,0.3821142157067292,-1.3828860240078809,12.258434606714664
-0.8500298419456784,0.8413099898720539,-0.9036336274592172,24.06969744837657
0.6228919184839085,-1.1930136689178759,-1.2406126655636174,30.34704919967153
0.9293533821751143,1.2801281957504957,-0.5316660613332076,16.992614871023676
-0.8651594988010187,1.2492176520890939,-0.17917240303884038,20.770044912179213
0.8149552077543547,-1.6359535263232556,0.8481795682907579,18.811054761551944
-0.4194420818349369,1.0916153226342593,0.5119693727120135,21.46927127048176
0.4864846943149232,-1.2948314157675407,0.40795553618336006,23.97131170495352
0.4906761902556473,-0.5886051110737991,-0.5164058369043456,23.34021962265507
0.15588867716182225,0.8097791562542787,1.166981728671661,16.767244749973166
-1.3697902729810167,-1.1856353543080758,-0.1071100570545381,32.87132595458168
1.1816995691309227,1.0647367261039218,1.6407983502397536,11.053477221239971
-0.5804163119325447,1.1132471060066094,0.45343663759083125,21.552035516721023
-1.040229924418683,0.001542332487021215,-1.2946770027465164,25.347559125250875
-1.5393659960830548,-1.7142342989302837,0.5981225365097309,33.99123063848818
0.34465549069777723,-0.7532404409608136,-0.6102723627306822,21.93517113901072
0.6414843054518644,0.3763463820491983,0.6330575716610006,17.178828278793596
-1.622201738829916,1.6236226712732529,-1.489575371187795,34.38401310415418
0.07478479055713326,0.4273202790547001,-1.1273383708375022,23.15479325064469
-0.9033173837979775,-0.8464954789462904,1.2161668860008097,26.97699966535948
0.5305509446537853,0.43482660642349075,-0.9473282793116343,21.56366613766131
-1.0818478876786413,0.11288744645848682,1.151814807156695,26.806904178858147
0.6872849106134792,0.9342027653097639,-0.7680120549733302,17.996764865894047
-0.3545352973186477,-1.3697832945647306,0.48351892581750977,28.611096250435068
1.529064398759751,0.8697689540009359,0.6599856291549736,14.793255210424494
-1.208034833382065,0.1172744566512613,0.03527714382778327,25.9818446809759
-0.5109406491827984,1.5613231924240552,-0.6784010206570072,22.42947214196596
-1.2903914873950038,-0.5654807966379286,-0.9973583608368161,30.43771306491554
1.4878427176966864,0.4300882413353551,-1.6150424189772976,16.861098717693782
1.3256657216190413,1.455298334553446,-0.6830968558116599,10.30892699437007
-0.7956228833897696,-1.3850923386852791,0.5189057091326529,28.870140725141304
0.5812759416641258,1.4731051923077207,1.5003643675483809,11.990976450922645
1.119778895236654,0.6193195702450787,1.2694050578568588,14.558272407838922
0.22241850323327747,-1.5038165622681303,0.9075142651051636,25.928173894752156
0.13491508436554076,-0.7055577454612846,0.9845550439177628,19.60760351366314
-0.8507250018395779,0.688783017132232,0.5595974135268078,23.98388762056837
-1.3601564305742841,-1.5054822634398006,-0.8333729742605239,33.725935424451336
1.3937376385485694,0.2573352517595846,1.3932845001415026,9.512548767915234
1.404704745049819,-0.5517469271384468,0.5793799892772851,15.17765581639024
0.48920952480675317,0.3900039221575309,0.1997561015391867,17.651673607200394
-0.5179153785783212,-1.5794731184904534,-1.3472544793748373,36.594133261936506
-0.4830520621971185,1.2481673930770711,-0.19051528831875916,22.35067930961504
0.8072129562673442,1.597266317007821,-0.14472731003219927,10.856738422562842
1.3933763332069948,1.5814771973858919,1.2465471785814206,7.265045268232396
1.3590471008879195,0.830815645481248,0.15228263334597736,14.526792247643378
0.9918755642886715,-1.2906663801947449,-0.4199417334005762,25.68410035455609
0.5197932792006202,0.8603021995841248,1.6328658859552858,11.31411001149912
-1.3908518798531142,-1.6519112942454584,-1.3481799499882898,32.78187149126091
-1.1254715052245232,-1.6603462113745084,-0.2748687625173681,37.22961646886604
1.3983214421484997,-0.6280123390664731,-1.5846312516902377,20.042217523833383
0.397862962199765,-0.06291562146059597,0.8174693064533367,17.365777306186565
-1.6475133779316082,0.9018857684272366,1.4307386894252296,27.142023683192196
-1.3314953838230088,0.6036015639291182,-0.7653918636590364,23.45686140473997
0.5933232992229058,-0.20926520875443044,1.2251312905476137,17.869647050766577
-1.6616763628672147,-0.7991632396719734,-0.7234652113372777,35.15028872914332
-1.1282820780009228,1.6781977870908509,1.4055900983017742,22.964591479106424
0.20027050364837065,-0.2767941434986451,0.8658561850109039,18.66179258503401
0.6905639799970845,-0.1904861123718347,1.0412084026867117,17.756893926097714
0.553799822613864,-1.1758288611832541,-1.667301602265913,23.58037446467487
-0.910942494776656,0.9854421874453053,1.584712414165222,22.22664852535952
0.7600318944885263,0.6391676349415388,0.7719208868391434,13.42923575602367
-0.8664898691002821,-0.980153421233839,-0.6803270991323045,29.959962703764432
-0.5645951766038712,-1.4540158528972802,1.1254956959228357,25.74863299715652
0.8775428917513322,0.5940274010931689,-0.7602843880771435,18.440219699335128
0.5458257466725068,0.5050404368682967,1.2747379445982172,17.66552717399502
1.2293753627858035,-0.8004203775784631,-1.3417785297349787,19.80420809298341
0.5731553090110065,1.5197936575040891,0.6928064828099928,13.830904027721482
0.2673095451184177,-1.218856417493292,0.13180362027952527,21.342911619002905
-1.3581974677320505,-0.25572367527055856,-1.3970085757711992,31.769866733599365
-0.41967266976614237,1.4949766847487027,-0.8966817681267595,21.438320436572983
-0.7707565909950727,-0.2988935208917535,-1.6865854698136098,35.10368859863017
-0.8434050823921253,0.4503045763511563,-0.11578114832840994,23.367645877478985
1.6533166329597844,-0.3746798305127479,-0.6923253394499927,18.71138810422891
-0.33274567787095705,-0.7971480072179532,0.33026588383956323,27.844676064235333
1.376034359230947,1.6331810672961826,-0.7061878300043167,11.959574174567418
0.48248729860731304,-0.3344817167941332,-0.6969587842267683,25.343842435151387
1.0430269509816654,1.3254242992984335,0.8287903104814422,12.383372171522051
0.042400378434828044,-0.9487026789131842,-1.5635725465199752,28.07133334224843
0.29674632136683754,-1.006399175340796,1.3784837809441859,21.40280875640288
0.007743863717169197,-1.6294928512600955,1.2042114989581947,27.56825352554021
-1.0103506824993758,0.49530083864300206,0.5693030934333492,27.455751144075524
0.7952140914795502,-0.4742130444683635,0.312588070828824,17.755847434482988
-0.7174330944854819,1.2235869799715786,1.3420244135819113,17.745587098516566
-1.595734722008534,-0.11576141283082937,-1.0913738070495065,32.32346929307188
0.5315766791263552,1.5791336192643008,-1.4574683534994821,15.573053789897989
-1.0724494884499103,-1.1008342974648613,-0.904886318479139,32.436348546899694
1.541833944183551,1.2381906752808558,1.0056577193896754,11.469667366478689
1.5879654372990422,0.9230792873141834,-1.6099451203560327,12.86149433553942
1.4541799698180158,0.9036472401768357,0.27674056024271315,11.490418857517415
-0.4113063329677059,1.156559279758334,1.697015072770374,18.52999399641684
-1.6260758698968971,0.8697555602581499,1.2160251958650186,28.087643850738253
1.500257282261889,0.4081683363849178,0.06553553897289277,8.6184772683022
-0.21258309477392615,-1.2866990379575391,-1.5102281891543232,28.323175053786
1.631549763020148,-1.624726111516658,1.132306894594697,17.108101869177542
1.621156157443075,1.4170155182349586,0.33240344759339885,11.512035902933366
1.2423416584741327,0.37539925051935175,-1.3336808593177887,15.774883577246069
-0.6705942617689045,0.9913582262434666,-1.4062234459283947,21.374612282855825
-0.360143745040493,-0.08729840178583323,1.4016547152328316,23.480455437014516
1.2359278227604562,-1.3344202720240825,0.5741066778138582,17.52205182555575
-0.5936292411779283,-1.307446221325257,1.1251244228032484,25.08606395067029
-1.0985390803309873,0.6113740655829323,1.296164599180307,22.998300846409933
0.22789966344610488,-0.2626709427959431,0.2387598774401366,21.11789691038243
1.5270944268421218,-1.0494748337362383,0.051769822854361235,16.040267169548926
0.7047239895417805,-0.05280975130804147,-0.2477493120148804,14.720078062504632
0.27331166577611765,-1.5162397758517865,-0.6383502228999715,28.07943038734231
-1.3462048965096145,0.25665364753503456,-0.23340116401237476,31.534040986902586
0.4272411262434929,-0.8150281970886145,0.934413073766542,22.26402971680013
1.7116858305262537,0.9948570500304007,0.3425398699186373,7.577681823420033
-1.1992569298269207,-0.6733762945884839,1.342784378853646,28.052259302855628
0.09614362894933809,-0.1773609398737189,-0.20316645800768285,22.6105700585282
1.3257811995527027,-1.6963100393708532,0.3603217466605926,20.91038436025834
0.8579437180367213,-1.4880318433644697,0.44367999732437524,22.769316193218152
0.7081006122918344,-0.3921458483542928,0.30734106025576297,17.76526882400718
0.7268283750785048,-0.09272059188859844,0.6891847960944837,17.82566687922613
-0.4478401290652863,0.318456529701005,-0.9120343236928762,26.061373876857893
-0.6735294448791365,-0.7374056718697857,0.034275606020923756,30.84360126169235
1.092856703076832,0.6436178595809355,-1.3705384563567926,18.2278794846057
1.0954329418625013,1.2090828090121812,-0.405792436110753,15.218487129351749
1.2905035906846434,0.9342219190905862,-0.050730448629806114,13.02843946192853
1.4486187154087005,-1.600439868213221,0.5156752861432976,21.3643890893614
0.07221396207840744,-0.09077529253694934,1.542447056803044,20.577425255878328
0.03856191275424508,-1.3768043670072376,0.3381603923239134,23.8577133317404
1.0549583884641769,-0.9073033698090125,0.8301695796435632,20.90156941286973
0.5469594509287797,1.6423747076250077,0.013287264803595532,15.995993137132722
0.7250570661181054,-1.2481751361101798,0.45330547360118945,20.52939096865705
1.0463878937216615,-0.027835389034021375,-1.4851315161434941,18.244830513715755
1.3690436932007408,0.3805540252267881,-0.8536645125754573,15.917783057838168
-0.5214587524750189,0.6692410208787746,-0.48378206302639293,24.763800358458735
-0.39272956993299823,0.18021743714946828,-0.102958360159713,24.386140431839102
-1.3571454772847495,-1.70264365347304,-1.5721572041742427,37.48673072984542
0.3014596692431489,-0.6182497984261227,-1.2473173091647336,27.8701290019938
-1.5559174086565928,0.03661895784180732,-0.7764855022745678,33.72421168020824
-0.0844495669621516,-1.4352328681383124,1.6147346810287075,24.775565333831764
0.17941660984627747,-0.5355032168632253,-0.5887839898134328,25.719474586350305
-0.6976760313733428,-1.6224082078720905,-0.07009517282324457,28.74215685291689
0.3444510920459158,-1.4670363277600025,-1.054311965357455,27.216142789313896
-1.5745550347232693,-0.37697784830569386,0.37302441874322406,34.70216305473822
-1.5511024872503425,-1.2816625449640555,-0.7631687246226602,34.948793907512524
1.1381984894349697,0.2072413486444717,-1.0168118453236599,15.604753644704894
-0.44544454298048763,0.6247271393919073,0.0487624678425359,21.428248792430203
-1.2438593015912027,1.0052239842598727,-1.710329197090973,26.39804639102419
0.10954679634168234,-1.0507571157239504,-1.7029005589489836,25.8872092840042
0.9580321099686858,-1.1626159062407995,-0.9752454679214076,21.44130245530421
-0.9398758335974742,-1.378045064912919,-1.602885250151461,30.960113705851104
0.4542393631362198,0.44312860345342836,-1.3574555845936227,20.771566535415097
-1.3867164820599147,0.6829744282164468,-0.5629220385524002,30.2736952063872
-1.502013577603316,-1.6279449259143624,1.0332191875538612,31.504392540683813
0.14075105778207003,1.469625436444766,0.23971087197152993,19.922999342425747
0.17253450960818406,-1.558143267792309,0.03532179623532105,26.902033431393896
0.504033407800363,0.11737634763076737,-0.7190918320034401,22.489619945945837
0.8076775415906887,0.6918251324638889,1.4778154893699191,12.392611605841442
1.66304817335555,1.2462235665677523,-0.36275466276941165,12.19014056366592
0.08919374940410721,0.7090362950943173,-1.4295069121949324,19.811555667766413
-0.5729626367989961,1.0091322477106206,0.3946623581316247,23.517838470996544
1.044310863490732,-0.5737739835219876,-1.3374484840761645,20.92109792354869
-0.7514755904494502,1.053978371424631,-0.5410223405530238,25.119065808657968
-0.17563927491750833,-1.4617756462115146,0.017231380277347347,25.10615228312593
-1.4103167902631455,1.3278809598231789,1.279793157739208,22.02867725738077
-1.5921908591011706,0.13893490040173956,-0.030493173451970643,31.49706775965453
1.617828789280738,1.062445103258834,0.68789402208036,7.710457491153022
1.1840202719168684,-0.18729734305000506,1.687994703728238,14.894376639200562
0.7045336051381604,0.46760248916848085,-1.2766946962177808,16.492370477978596
-0.2784453542071141,0.06637825656618032,-0.7836544373809459,26.487618578709945
-1.0855196035585901,0.7689676886230429,-0.37114958077569504,23.869049583407158
-1.1432517342685364,-1.4565876030361282,-0.2773478617270054,34.094561122863915
-0.8219891850275303,-1.529446197585596,-0.31454590355000567,32.8238550539897
0.20195848343602674,-0.8899833006712204,1.39471627495749,20.248244644523812
0.7683085168079132,-1.1897964290975307,0.7284197033268617,21.75010344431542
0.5820065480731687,1.2490123364451735,0.3631291630339606,15.536807923736134
-0.7203046376416015,-0.9854801072774595,-0.664419477836461,28.920753592548085
1.5911734226034426,1.6054030655079672,1.106205765932177,5.488194946923786
0.8481088308877517,-0.5825206205155472,1.5580374511290678,13.166319436401
0.2195185565104154,-1.112502411832667,1.097283753813702,23.36527726673597
0.4159857191412029,0.9679412431554986,-1.7238930629449176,16.8539843855988
-0.2419815294586687,0.5194100682969253,0.4612129121502822,21.514242121183237
-0.8305918695447294,-0.03020639327557004,-1.5532722071503249,28.655857532495936
-0.4598900534633108,0.16554452470239978,-0.8425962837187815,26.906062835975277
0.9164300333509268,0.7265502666522309,-1.5243961774106036,17.141227848061025
-1.6297168278865763,-0.9538384316851503,0.3489833680923034,32.43697877273053
-1.281490127486406,1.675490713001041,0.6339618427231914,24.603509186024603
-1.521463061161262,1.6017320620072586,-1.3352137846589789,28.37590363475296
-1.539524696847977,0.49070858500212106,-0.4081069899477717,30.22320664071184
1.2507361856633656,-1.0528382877773463,-0.15891441276901302,19.98114300976754
0.7308482741880031,0.5930992537441379,-0.45899991402977136,14.3678455429235
-0.05507947194330151,-1.488882670698545,-1.312712187835536,30.502929343990303
-1.3439525452317174,-1.6311418530245863,-0.28726215639513086,35.79507960723875
0.004655351026317115,-0.8537570363890664,0.8562741553563138,21.384357647466437
-0.05748385320669707,-0.15201265779096773,-1.4848718228058404,24.879676222728676
-1.0858362231788679,1.2369899560977733,-1.4533006021468138,26.588054636238382
-0.1931732638628638,0.753831422879695,-0.5081576183302059,21.634221071335617
-0.31422796678896747,0.8070338995627098,1.5121390794215135,19.882250659242334
0.4301277584066711,-0.2791498445188886,0.571946423245163,22.812206161937976
0.4960323099020294,-0.551569092167189,0.6067013569502341,22.507680048226582
-1.523855709001234,-0.4656101582283973,-0.48355180142186444,29.795333856869888
-0.3960527448264386,1.6457542369888325,0.3140998695483439,20.318849007448925
0.46440898235180783,-1.5987607840208014,-1.6944086256490913,29.836587848339924
0.04410990042697224,1.2327405611516296,0.46016198793658897,18.51193077510081
1.2542611445571283,0.24536769052503263,1.4142528737007518,14.94664010634652
0.5768565818871222,-0.23421793207023472,0.3791972908748631,23.374004601302588
-1.1209997515102723,0.7472864813317511,1.2779897868545589,26.0440503958786
-1.4373300441192387,-0.06967573496900098,0.7626345909555824,29.35223582431179
0.5211208259784502,1.254626808326752,-1.3143181699140631,20.04138211105929
-1.5882161951363754,1.3480327614304148,1.3769634914836297,24.83230557698846
0.327129753892953,-0.2920671126361403,-1.5005804886288292,23.827839595391826
1.5410519244391476,-0.7882021051748652,0.10863550893785276,15.62132485881486
0.29184991876051936,0.2921925907773959,-1.2400442743406732,24.977247761480108
-0.34962220532389016,1.3879633578896147,-1.6889860080510803,21.089234842284817
0.5240967378114468,-1.0147626993668017,-0.27663852904408714,25.999940622647955
-0.10960486689535641,0.39702706753327993,-0.713750246837806,23.82829056166617
0.18959552630299803,0.4264529195792319,-0.056466797994113055,17.340280575277028
1.545280021421876,0.7741843748140502,0.2574414479913489,12.240922415486004
-0.3567021721314298,-1.285593698666071,-1.578730297955377,26.1982316625419
1.6128359998721373,0.7149875694453502,-1.3059028990888462,15.027118444342506
1.4215976645432142,1.376558132421982,0.19356657955873163,12.267157263280128
-1.0084734105653166,-1.1208395418658381,-0.5480983670021393,30.541112866653787
-1.4414652587786847,-0.9227178094434693,0.7805344745083252,31.585621894152396
-1.3338705970275748,1.5900965862728405,0.5159072391935742,27.75798499989402
-1.6166056920784253,-1.1164092337819875,1.181289465425147,31.18448064250784
-1.3555665912584327,1.1894374525011726,0.6542796657020995,22.79889933457048
0.6601232593541279,-0.05047000023060577,-0.2494576896117918,22.32479850104363
-1.4352070317155827,-0.8895455567105466,0.5870704843987571,35.43744820381576
-0.5865960677861132,1.2454729171714516,-0.7814183468914649,22.97127264470361
1.214484165106114,-0.21131096850689451,-0.6749493077618242,19.60802502993753
-1.5993102766580676,0.02670849293049313,0.986406208506892,31.75536358494772
1.110348073084276,-0.506033530080098,-0.19270449419638022,16.751599765756186
-0.713726091938001,0.29424886767791514,1.0187444134786674,22.615240030194684
-1.2743248885742458,-1.176171099640913,1.1014970745762618,33.158462585460725
0.7071465575908955,-0.39698080783320056,1.22244880578639,21.187107590973767
0.474967281597347,1.5833072897189473,1.4257776795406036,14.060836981415402
1.3261200507916233,-0.8522143080426007,-0.24582932972749047,16.437220531725867
0.8384308942141704,0.5126606998233012,-0.6317407907737852,21.353595970581868
1.0727183429098324,-0.6226027214639701,0.2746475200923706,16.97962758359363
-0.7131103276171122,0.9123831947674216,-0.4517049349575428,23.414039787944382
-1.071323206874374,-1.2879701384309898,0.33961670309162395,31.83622677303948
0.8916643643221076,1.5847068153947481,0.6993458862662274,14.988881202831998
1.0842043336890164,-0.1822595471536139,0.6402094328477869,17.82964413259976
1.7132313969978743,-0.927829582992842,-0.4400693816975334,17.51754822133841
-0.26589452464398144,-1.4844369727581892,-1.154947457676787,30.763446313357143
-0.4049383836045807,-1.1548248724123225,-0.2473984754249016,28.268266314445512
0.9800170410082417,0.04368058846109267,-1.2384712108310658,20.073097872078588
-0.5118407131099958,-0.5821529199371286,1.3344332116477764,19.529860365751645
1.5086094604851077,1.102115856176713,-0.5387701786795288,11.396581274185712
1.2608466522062853,-0.2606793619502144,-1.19762981321062,18.788256465035342
-0.2098094533068122,-0.8844668720136708,-1.6416889823100984,26.251518710643303
0.8925421856428848,0.3770930791430117,0.49364004291377717,16.498076663388854
0.9051172412602748,0.6840067748639779,0.46293717230391135,14.402241141393404
-1.3258365638007974,-1.1641248388584016,-0.5569208534367325,37.04504017903572
1.4120160924515748,-1.1621480516002751,-1.4824478832137749,23.73665076753702
0.051357082727771106,-1.6105321858696333,-0.3193377873999644,26.295135855932564
1.1514074652490494,0.785446360445242,-0.6580697560167306,14.677495562928527
-0.5829179756785827,0.5368620833220638,0.6013686091469699,22.696715319445097
1.3879411312281962,-0.11089580964539626,0.3558115942535712,13.85974623020648
-0.34608870045394347,1.1544610354963314,-0.47434879932094437,21.87390912888263
-1.6418947170099227,1.0226304640547044,-0.9792941362723846,27.95503681310197
1.421704977561935,0.2682373994363829,1.6715389427824008,9.152955893370482
-1.366376106601907,1.2369857618800504,-0.1666068948562699,27.367940706058523
-0.5854384738895093,-1.0312704273089954,0.6397592788459272,28.63632071823519
1.5747232258880903,-1.3528715121031132,-1.2454969389125945,18.312070854865095
1.5765903362010996,-0.8124388348747639,-0.05788075112726879,18.26010172331854
0.2848761149028638,-1.5406268092851723,-1.6344987835924725,26.59539570726192
0.4848797886440256,0.0827006975375974,0.010496004442438272,19.992107740292827
-0.14319275107720908,1.470972652521878,1.5888670795618334,17.896917708229942
-0.6748345269925358,-1.6013824826968963,-0.40684091955162605,31.08682932321899
-0.5534138582068782,-1.3179784722877848,-1.5950559062052565,32.46184239961899
0.6242032888154952,-0.18770569361391723,-1.622730343457033,21.072656949039363
0.8976911810717696,1.4616224279214411,-0.3938300005851769,13.53044662427342
1.0319572365936869,-0.6535363020640959,-1.1784744357831338,20.214162644505294
1.0252416213617532,0.000744763414095721,-1.6489022548618562,17.995267329561422
-1.3666520523214643,-1.5937489747347036,0.8736065704546917,32.405459713057134
0.014259849521051639,-1.2281519107475074,-0.15104428163971723,22.943741660042942
-1.4818861295631531,1.6422635246020025,-0.7336998533541849,25.453411827175387
0.20299350626855425,1.568605294815525,1.3688055254248315,13.92709297878397
-0.16687503760304018,-1.7191852376969454,-1.3295299350395622,29.763541275861524
1.3611627755149571,1.5230405105325968,1.5609917792548735,7.758250288017931
-0.477211346421891,0.45233848437754665,-0.6486069347565528,24.373381722349617
-1.2780846285279026,1.235777086882432,1.3286046578292705,24.275113964808124
-1.189298868586101,-0.1790055339742521,0.3460488004858277,30.271893781986314
0.9289801394538582,0.029374787339439785,1.1162459936095614,14.273098146992432
0.4382374713157306,-0.06221918524528127,1.6576924578905203,15.163536265623303
-1.332690168718788,0.547339040283041,-0.7365888409182947,26.769671065621303
-1.3909654410618388,-1.2579143893185172,1.578947507073963,29.825027478776065
0.7216400261363152,-1.6334665468604603,-0.38868374712565024,23.17577486690297
-1.4298152336131673,-0.6817038730186482,-0.4023484504673994,30.889210051558308
1.135662449905594,0.6768282132160367,-0.5576679818120057,12.629387613933002
0.7396991137830141,-1.0449250860754717,0.13424444765657875,20.33326265532824
-1.4004110166039783,0.5698294223263223,-1.1987130243103639,30.23186762226074
-1.388462256622766,1.5850184160539418,0.1765943870661773,25.87381759613171
1.6999927694349333,-1.414570839252543,0.13526742727121688,16.16142833585399
-0.3972233924484861,0.566986303561011,0.8931853462009961,20.4968390617854
-0.40965064362666553,-0.2166356352208848,1.1401424254581671,21.43583274759267
1.1046324384789215,1.236543957765121,-0.2132813376470248,13.146923613153255
1.5650880412649508,-1.129513993277672,-0.6886493234734398,16.748570897736993
1.6978060098536605,0.6355508018052985,-0.8366496207639649,13.971568509896771
0.9011284614633062,1.1337272958629523,-1.0593850456223912,12.335338066783414
-0.39041226461863077,1.4983950056875925,-1.5308572167509418,21.650628976923628
-1.3930411519002863,0.6034394364570271,-0.5505744529645462,29.317502409203534
0.9825306614284447,-0.033702281830145016,-0.7990877887336502,18.847939368360645
0.23338951028398902,0.3794976968365396,1.5971278047174189,22.83766454702576
-0.22615247049666304,1.2391556557387844,0.19035323158931425,20.26292637615282
1.4250352439759322,0.21774969971197583,-0.5339528311861208,12.996118397457693
-1.2981863746800504,-1.6320507664943655,0.2686889181601369,33.26912118197681
0.008111718813919803,1.4516022788802707,-1.2501652063261683,16.419106313495103
-1.6401275637982222,0.6249386895167603,-0.20088188321631062,29.241331139585427
-0.07396081501816161,0.5803790482869406,0.4262179375012479,18.651197136657995
-1.4861858621950903,-0.9975975890450167,-0.046494162665074015,34.92052177319084
-1.2720882166487668,0.5200185207104134,-0.3463578062249534,26.903736732123715
-1.2765118747590392,-0.38745186263623715,1.6915452977566043,27.24557036982166
0.544378453572425,0.49381527931604063,1.3007626347805212,14.677069393082924
0.8760136478362919,-1.3711105220885331,0.416482713155184,24.51657239978816
0.318886985930485,0.516456843437109,0.23051632057315855,18.103785899600616
1.616199061703582,1.6860364260603966,0.4070327786684314,11.900304365657227
-0.395169276944144,-1.5710154646379915,-1.036364021166226,32.211427321963164
-0.700515725464551,1.609885025312913,-0.36921632106426583,22.815830245756786
1.2957325472857748,-0.3427888471237431,-1.5934604696054655,19.72052090238519
-0.9132489711713498,1.2454850696814876,-0.09245102922157664,24.387386397280896
1.619795028849394,0.9429003964129884,0.13981008000481185,6.95046153742366
-1.637384913448473,0.20544508608624662,-0.9453657233226013,31.22344148245778
1.6425912157679572,0.792456248868353,1.588906456198309,10.542249194424103
-1.5311987296295644,1.2720636581546871,1.4010619736998675,24.329116705866834
1.372940288918169,-0.35226564283988704,0.7563363517747114,12.108067571855347
0.12823861983187113,-0.6162916901087315,0.10663624504964665,23.14595172432632
1.7216551222359646,0.5498356798712333,1.2651530782884846,13.061077384630227
-1.4262755441622696,1.030080679655757,-1.2795748788744392,31.28146318977297
0.2178069706373487,0.8740738988021746,0.9916539988753321,16.91501062519363
1.640617557052995,0.9957286598870109,-1.2996470005163818,14.703284028965069
0.1124735419056146,-0.24460029516808426,1.0043923848586818,20.1066540383051
0.4765282576364287,1.0642819725314776,-0.7800883790307336,14.495594309604298
0.7037612631454393,-1.324487286675593,1.2896650056089198,18.58921193081348
-0.1223169794609804,0.128308827882526,1.520112065337862,23.30132008493084
0.47022478789625677,-1.7163819606868655,-1.2171245324550148,26.1948835550594
0.32212525695450905,-0.624671707017586,-0.13675104851314915,22.151267860278335
1.4072389076680516,-0.4812832480530173,1.6472777078961418,13.117532227819956
-1.5233681239584236,-0.3795479583036626,-0.06539210119187372,35.31811126265223
-0.7167795572751186,0.6452796672502321,1.2430498078181134,25.47675172958681
1.5759202378454573,-0.4056214148602875,0.2971333288709319,19.165422521305626
1.3699287952967534,-0.1997087086344246,-0.4373948763110935,16.043443740172247
-0.11849601567449489,-0.9227150497527823,-0.7456133579159671,27.37075491876838
0.4447942925942496,-0.4580324286777641,-1.0297864181243293,19.87440553257248
-0.7290470705260262,-0.9578964333366096,0.8928286820103567,30.474601052505083
-1.0347412349906187,-1.4854670360596516,-0.3988080028145336,30.358982047907634
-0.09095528639274253,0.33019465154823086,0.030529625373041533,22.191606408907745
-0.46886446815827587,0.5519566393718611,-0.034696199954930514,21.00436926270882
0.31987107962195155,0.3851239283219495,0.25771385641548633,17.904246115251855
-1.4127885915950118,-0.1490299299437924,1.2500357691272452,26.51719464815256
1.6580573670804497,-0.43565910864155666,1.6464239730497736,11.051292683514548
1.6985241157965565,1.2200786007441122,-0.3263755962721093,9.235669971052324
0.7120252949597566,0.04131052099153784,1.1190393906952547,15.577131527058214
0.15699036175663936,-0.09531252222955316,0.9022239745592673,21.996664361933664
-0.6189532490017662,-1.6482983105586393,0.2448060913574875,27.765300324796605
1.1080416242901359,-0.5676186214914268,1.5614334382121844,16.117639647536656
0.666028912683709,-0.43425576208849015,-1.0392470132498666,24.126238626929343
-1.1220870708365178,-0.3704736700179863,-1.3531928193016811,30.3682478181242
1.4406959848155736,0.2504934999075917,1.2100563323632842,10.65435458378303
1.1379816413786334,0.09103170488354119,-0.2177267956555507,15.92584589993143
1.5738257546356464,0.34545434887185333,1.1859860432295128,13.51036923681422
0.8064041290287364,0.8829702599108004,1.3447357007107164,13.753744387439712
0.4217888028376378,1.0476800857897623,-1.5143011608451669,18.328969491236663
-0.24662901840187695,0.7228566351269486,1.3116049354340027,20.387438166755263
1.5153602028618354,1.5357506280415714,-0.18616628241258099,7.930143141410687
1.2870499630281689,-1.673669450423098,0.027628112226841594,21.73490774249208
-1.5241479768821646,-1.0657283602134828,0.42745082609943524,33.56189913675334
-1.588710511459356,-1.7102040698523093,1.459328123246005,32.73168269064781
-0.3897143623957518,0.48094644465149455,-1.6634825704001843,23.868513747833884
1.0969396174649741,1.3388857930317057,-0.08798527321895427,10.981417982944013
1.702172803251341,-0.9023819131603581,0.6378586297268964,16.0501423501348
-1.1638693090375731,1.4381996618032513,0.7582766833340756,25.47749394558112
0.3557440835554574,-1.5297362010441453,0.6544159856293404,22.58868259640799
-0.37455127223154977,1.4635434046748284,-1.266554533567532,22.890428020885587
1.6427130382751187,-0.5320936044684046,-0.6987607504882054,12.134523752529583
1.2050441980858526,-1.388820887907918,-0.494581569133981,19.621351800498807
1.1920636093278074,-0.07240540203379778,1.0395921459634525,14.54528693612513
-0.07384944935191509,-0.8568604096121902,-0.7697888702174098,24.571087301483203
-0.25835380081927245,-0.7606545052051451,-1.0040338173035077,25.57370038384071
-0.7426574474082582,-0.6838952455058028,1.5662552504382263,24.399994640240926
-1.4859385227031536,1.0135761528101974,-1.6987727328152649,30.391505798996693
1.28245560201759,0.11006559868061054,1.7052185256115657,12.180493803161063
1.10497985255464,-0.6701379435063369,0.6003382780579408,13.02340736361868
1.7447821063875815,0.3537705358075137,1.1223105888370382,6.086609525445099
1.7342309815124188,0.7161028459332637,-0.7152004000618296,10.994355094453972
0.22320925979821726,-0.802596511252778,-1.6800069783018898,27.014059964522342
0.9545863289909801,-0.3200486223062492,0.8104662071013831,11.443230425814562
1.556584884255297,-1.3187448665829826,1.141844958995478,15.17151475263991
1.230827393192398,-1.1158189221654664,0.8194381685530036,16.743786646875947
-0.8319031682536235,0.5961454120591096,-1.2375895660526743,29.641839633964985
-0.13600550391348118,-1.1148293507428406,0.8640182216169346,24.137267683848687
-1.2366710640970118,0.06213479229586382,0.9173515182637422,27.937291636703083
1.588384800048139,0.6917763119433257,0.5374158352567477,11.3630143876753
0.39699161690142165,-1.3701384322041539,0.9076903449168784,18.521928352226155
-0.8959643201153134,0.20645849120161655,1.1823808431603797,26.07974596365236
0.6214026170408097,-0.8575924369554304,0.3827447733083716,21.361090637711243
0.4379298495760573,1.561100182622416,-1.4243027910917125,18.682494743294992
-0.4523896940138634,-0.08037034691449843,-0.05086557792189086,32.83689984887934
-1.290103564530528,1.0237343973248119,-1.462011198887162,24.20850555643125
0.6209659984431009,0.14795466506049362,-0.32651732934043604,22.55807798971408
0.10291797062724105,-1.5874496660545003,-0.32801990627489536,26.327065975104425
0.9659941245271206,0.43190126571431625,-1.502074317063735,18.88495984326698
0.10242412093662229,1.5216419419964828,-0.5286401226978633,18.04836818387988
1.2395061107317484,0.3239052748363087,-1.347224776374037,16.096752392533773
0.2111374365950028,1.0689204665807548,1.052664867296088,15.26965231726404
0.2420668995590892,1.291550128297909,1.5326613611818563,15.502554009816848
1.3233171899187668,-0.9551223809806536,-1.4803668972171764,17.414581072924236
-0.29717905967183234,-1.010028303078053,1.5582257140570865,25.86039622476293
-1.2200410685502,0.35598666100680076,0.06942813140206378,26.723613553189622
-1.5804373123124655,-0.32867962918728405,-0.698175302266599,30.393833789261212
0.9071528555988381,1.1397058971765515,-1.4647209451694585,15.593835446724745
0.4454003160550506,1.3457086555882014,-0.006131777290188674,18.545124227802408
0.7322932103272669,-0.5259346231866517,1.0054417882851476,17.3312962669043
-0.9496599141891874,-0.9250214571741563,0.7045110007368027,29.59657976227386
-1.211971487417847,0.9365315946888253,-1.5564022579718588,26.906925273663123
-1.6291990828012666,-0.7951249090507709,-1.478352088132691,37.01230945135732
-0.47833279693773056,1.0806497329908065,-0.34259060002970604,23.558780507708637
0.3413154717378703,-0.28515949453780104,-0.71289048224706,26.146748098862904
-0.3356693255739235,0.5496867765978705,-0.9294134783088833,23.558104959789024
-0.18076442386429797,-1.4089737395763353,-0.7620628674120891,29.889983580634954
1.4175155304558467,0.4000839419798975,1.036306880233547,12.243878517621509
-0.4863196517819649,-0.18918269672940433,1.4691221494693592,25.68763688032232
0.08127961126430415,0.2725316146954274,-0.33491696586417813,20.15688523770234
1.004812482077953,-1.1607955438324102,1.389553274558803,19.711114907449872
-0.3209471819396809,0.7870616316479178,-0.6226921775992915,22.26802108980339
0.4514866245777942,1.2182413006590853,-0.08938438388605367,16.373332539992518
1.274377731691217,-0.9939520816522913,-0.9512885032901338,20.17300362234118
1.5728692546451724,-1.4083599901700183,0.47523793026631594,17.89739338406462
-1.1753196867369629,-1.6551585144779621,1.6403721521108616,30.497335374626072
1.4943292368621421,0.4621026464643265,0.34794265583567113,12.972271390367249
0.006369162488715927,0.3426771736315837,-0.4976843294629347,25.195006424591718
-0.7945860010283172,0.13587041638811256,0.5005070370040307,27.257312046359637
-0.10658126352918543,-0.941880104748861,-1.3061872655684816,29.39062294783224
1.6773653685679837,-0.3975818846892694,1.3294837718356467,11.640515600325374
0.00808771022521056,0.29947234425979935,0.0023344488559457264,19.592975965598853
-0.5531156817526686,-0.03509900794606659,-0.1826186596226687,27.4989149356946
0.4902348878495016,1.646219771598913,0.2872660335795255,16.20935314756065
-0.8565699443949313,-1.2689110364597795,0.4212254599169498,32.78448982886438
-1.4191973754650178,0.6441748580252274,-1.482227879640939,28.98746394800648
-1.2376289463431345,-0.3516546164235404,0.6202878387423962,28.391747019238327
-1.2404847953922202,-0.26988314948729875,-0.8965514813744025,27.72777935074922
-1.1587807922600497,0.7210578959076125,0.7281443022162156,24.349487432539604
-1.2035613141471384,0.6349008961180477,1.1018840266009398,27.02820251055116
0.5158311696360223,1.658103173814221,1.0379444604649464,12.177327957280248
-1.0561154206237338,-1.2964598635597566,0.17242778513803214,32.63966995267319
-0.49518355999761704,-1.3796139768706006,0.06114424752080812,28.44696877585512
1.3922740740155088,0.7441402292756486,-1.2375011960300644,15.391004315614676
-0.05580616775888297,0.24437985375668975,0.9394607473937142,18.10256931339594
0.6072140213574626,-0.7973347456317673,-0.7950892583718542,22.847162285878994
-1.0888568571466777,-1.4641570612129156,-0.019654859870400346,26.33962140346244
-1.0204673175741525,-1.4427942333731902,-0.750808927111887,32.67334274734706
-1.5390458676218073,1.325738193984569,-1.2686430231161896,25.23883651293357
-1.1004490129096933,-1.0791190278968723,0.4376569935207464,32.952873087391865
-0.7249060011516799,-0.6288295352032989,-1.54226932847453,31.91307999375488
-1.0727926327324613,-0.9599962043851114,0.8475562124535279,30.33790496039936
-1.375226176491013,-0.5205418473954655,-0.6361466292410465,35.08043509396236
-1.2658621575095945,-1.4983831860147914,-1.728816540680827,34.13575550885436
-0.10095434232319256,0.041235209579976305,0.03002598183609289,26.150013310278307
-0.9723675910468714,-1.5045852673124882,-1.568015917892411,36.1212502552453
-0.4314741944074498,1.0044357760639073,-0.7787047312166877,22.37515123624028
0.04507230004782114,-0.9358365385966945,0.7041324158851964,25.954935567613266
0.685425575922507,0.11297830574779721,-1.513502520623657,18.52166295704497
-1.5443764259501809,1.2774173977787102,1.1597223431349735,23.21013442546788
1.058777749203785,0.4925976262082774,-1.7161319828179118,16.764032100329544
0.47139711548810515,0.08882395296541536,-0.8797125706876554,19.877410813832004
-1.3990060043047574,-0.6255348543186695,0.8209110833417586,28.07100270502486
1.3127861261259899,-0.5958538233457775,-0.640678522230299,20.583872961148423
1.4747559636975112,0.5563195356543263,-1.3785666262502365,14.561499542149322
-1.4698337144408034,1.667976240439845,-0.4893552601821979,26.618949885592222
-0.7307715565245667,0.5301324830746796,-0.7985866534152449,24.69698395555275
1.0820348869689516,0.17383049669690742,1.1713336172962983,10.618691917260618
0.8835988445405718,0.76575237763701,-0.6507368432036738,16.972856432524758
-1.0470708520061711,-0.1431692723768377,0.9862248559498045,22.841820230318035
-0.9620398676599513,-1.5301643823822977,1.3405431377281571,29.57691107978245
-0.4102330044734002,0.18928502473852096,-0.23608090255499986,21.529289847597145
-0.019636095249225195,1.5429467706219475,1.4027435036551679,19.663192443155715
0.43836318814179576,-1.1358378643222706,-0.430551679035229,25.80359264182628
-0.41557036710218925,0.6265759091785349,1.5890770737785034,20.364989713033815
-0.09494064136488103,-1.0480744889521587,-1.421945673642679,30.610288145884017
0.8808975573214539,0.09865089774565292,0.6354396754821281,14.684710274812588
-1.55337990427324,-1.4050663258224136,-0.029572575919079722,35.693300790374806
-0.8144751032567663,-0.19396534461028223,-0.3949932397049365,28.158742957202705
0.7640401122349034,0.8531119517253418,0.44851368524118324,15.60947018255049
1.386857568615592,-0.5459653714053033,0.6933954576742758,18.054440384628737
0.07336140484254784,0.5406532852232967,-1.7142617828566895,24.48211134649377
0.14334994963130981,0.9876350507189515,-1.154627740521734,21.043358303742203
-1.311972646952178,1.4386902550013625,0.7250238480530656,20.538902055207583
-0.1467310596088809,-0.9326520845308925,0.5644179683080655,22.981582754742043
0.1450752793392863,-0.36878510488933924,1.5958546754797613,19.8576556508302
-0.8486077715457705,-1.2142060132503996,0.8902113818693344,29.08851148246977
-0.7569176037839686,1.6623063399703488,1.5432788336416798,16.734206750230314
-0.3869033322444997,1.4380846897463542,0.6888637554829113,23.86851002774273
-1.6102720362461207,0.1127907163139675,-0.7033846625764231,34.56245332104948
-0.5759672040175128,1.147143109652732,-1.3666141660420612,25.317508136368915
-0.9548523796394887,0.04773487371020288,0.9617570307578325,25.806580961846613
-0.5574112148574449,0.39914697050678816,0.487881010819197,22.86636704499769
-1.268854504921402,-1.430925524050779,-1.5634239333302804,33.68899591912505
1.3708312087865566,0.8500545044695437,-0.4899867049323506,13.52849326288625
0.35390066603634196,-1.2987910409642234,1.5640241342644736,22.286987076345127
0.6467514402264637,1.092474370901962,-0.00689976429624356,13.22979461507557
1.0237110817414279,0.9416766195874035,-0.2398267737878696,15.206252328347436
0.0280338723171521,0.6907437133441316,-0.15387843667051826,20.05849747633752
-1.3813299403145765,-1.6122820825475517,-1.0103059656198135,32.03024918379609
0.16044997039607808,-0.6981451954231618,-0.4601903325696079,22.48900994358396
0.33077896161014575,-0.8351650234522519,-0.45638318836068303,22.881531527341703
0.8739402806818402,-0.5029413973605574,-1.5490742114513818,25.37338359563489
-0.2006806907387055,-1.4359990285915543,0.9126870805663899,27.221941755298143
-1.242079145056729,1.4721783989956,-0.2956721938791321,22.313889248888493
-0.7071466790924519,0.16019837310162624,1.100662435003682,24.786312478525783
-0.4355413184122419,-0.6899411006087798,1.1976170645134876,21.62278837432017
0.5331005104540962,-0.37677842315000654,-0.9995967675733883,24.32428869768974
0.27576767965672305,-0.20481438905683877,0.533330066789567,19.662007003556777
-0.45946522140507245,0.3204212531984424,-0.10368651801352345,23.74672148027415
1.6995669700134453,0.02966035795632576,1.3002187155014326,13.884678155069745
0.3956223461278069,1.4120303934313136,-0.9867008887707269,15.062806714710504
-0.8665662267318607,-0.03442573882580894,0.6037524021564055,23.20585526779358
-1.3304305240122989,1.6611918243480015,0.3626022210359082,22.6972752317429
-1.1555051953029856,1.1793015208001196,-0.7128526769656005,28.116415640381803
-0.8366648634298941,-1.0221303439767258,-1.2590999401547602,28.611318714835477
-1.1287159202993573,1.450391909376932,0.5136634407639714,17.518617232090403
-1.0400637768018173,-1.3376451006276613,0.8129717745892212,29.48738559748915
-0.7026285201931336,1.0629653627148208,-0.6428910599104787,24.99288382209859
-1.0852481049363485,-0.4327913422086766,0.4902332130605561,30.89146978768577
1.3921953549475345,1.2702103713296917,-0.36923984937642124,10.918449527000735
-1.4042297438930784,1.2362509733524631,0.7255774339147564,24.1010552930578
0.11731459576431844,1.0235044672037346,-1.0435813186226621,22.63157997064281
-0.2735004028015264,0.9690778165320576,1.3348392555353839,15.065908337489294
1.6853999982668109,-0.6928350900384542,-0.7400165261515536,15.841340133384527
-1.2953047135258056,-1.459021138937318,-0.46336104417802,34.46891037642942
-0.31645109962828283,-0.35623813955841455,-1.5293276959337156,28.29353833086121
1.6411925662438505,-1.141927456373451,-1.3454551979675315,18.09250771826162
1.2851431812544216,0.6435124054398211,0.04631615036999164,13.654588593648846
1.119264738567661,-0.5510050192017447,-0.8082263498722886,14.310050296378083
-0.7957557663762331,1.6045297205080797,1.146442192179122,18.673557060916387
-1.0937620855689216,0.45868047750107815,-1.6787055205489896,30.24197577989768
0.6109315347363086,1.080191736975275,-0.4244387065038598,14.627920473678818
1.5038787144639993,-1.2823168349237493,-0.568137020525564,19.142287958911066
0.22776825730453087,1.2155615814777003,-1.662754461958665,21.04749889767339
0.27862524741518657,1.423553383263101,-1.3012042125105332,18.02671192808957
-0.7201498497385416,-0.0683301236412428,-0.305522359398277,27.097014223358038
0.9563176068966469,0.3397971315026597,-0.032840602832186205,14.399663938449924
-1.038431109743376,0.8827187200776899,-0.33771512980182067,25.28872732236624
-0.5704873453430489,-1.1374277462434024,0.0982069596657893,29.67875634787263
-0.22199334127123216,-0.015241649698599672,0.3191626501935839,23.31671821771626
0.059432688357187714,-0.371020687778407,-1.6951223686039103,24.5497317327385
-0.8488158983928882,-1.2348947659515728,-0.13186494331329598,31.015203842438726
-1.285722499994912,-0.4776095266453061,1.5870835517642696,29.383916612259284
0.4122160727310934,-1.5026686169118448,0.0572285871977197,20.32445927234116
-0.6905206763282579,-1.6477167499666994,0.6028198514745756,32.10595085781397
0.3115903850034592,-1.2732715589840833,-0.6558449755321789,24.72947481273144
-1.1503558079319276,1.5617447310639236,0.934797622266133,23.16174643362816
-0.031221659057115263,0.14556801500272276,0.9311150400386293,22.964900652822543
0.14497995489790091,1.5710140595587367,0.06502047341624194,14.096822550745976
-1.5015278930132812,-0.2551652750963482,1.630158735504929,26.952840903332152
-0.5262221781788792,-0.6683969923354475,-1.2971364034931114,28.4678931101871
-1.2186730533130128,-0.002997640946755916,-1.6709463033438074,29.760092754043427
-1.4619670041713941,-0.2311489761115647,0.9216038662433715,32.675152453346385
1.7113652123154,-1.3742893129661782,1.048948634817902,13.951884884939592
-0.5750264930023276,0.45818136512774676,-1.3155269562941534,24.92915504732808
1.094614599466838,-0.9963545215351935,-0.815144230704922,21.136508914750056
-0.8069279237815509,0.3854581552459393,-1.6688649316134998,25.621506850941977
0.6549722448707975,0.4902819573352031,-0.7197121230516306,17.755712154260166
0.9245869537052618,-1.2155454022488328,0.9318736292932299,20.155590394038686
0.36090870825207305,-1.5260304659378279,0.053539616136539146,24.10229873953917
-0.0639757675593014,0.9373399352711776,-0.5311353684228274,20.53752282450409
-0.26855475075093416,-0.16167741813884748,-0.44975376376320475,23.82280289026504
-0.48422096044937013,-1.5369392132581206,-1.724620975151751,29.00248304994626
1.5044032340059694,1.6704654425506322,-0.6973669500703957,11.244075805667666
1.1656611169733564,-1.5382514635407392,0.49583037758337367,23.39003398830687
1.6259745673948345,0.6438005127958543,1.6238964326805883,9.355316584375789
-1.2533229040198366,1.632158197660289,1.1863026134623422,22.702260493408104
0.8240346802750897,-0.9171132408633415,-1.6480663022853366,24.610617105323
1.5345798655663023,-1.2490180721575148,1.3635648118497907,13.196489832011824
-1.0583313028413324,-1.320460889932474,0.9664882307262435,33.599713299240456
-1.4512773111684132,-0.6976425597177983,0.9567739114798366,30.86094223728436
0.8591493415879048,-1.3901050017547996,-0.1528590753479786,25.339906902231405
0.2884215123514571,0.6339599082728133,-0.3593462170588122,18.022575972817968
1.2040505163548139,-1.5228043363563628,-0.6866444295094083,25.124542946466885
-1.2003242172988928,0.00823446100961653,-1.503158495850737,32.48543468894488
1.0445886700665006,1.67673346440876,-0.9436941941880109,14.49182905683095
-0.9884858762679344,1.0510512613405472,-0.8804706167304748,26.267394823905374
-1.118528733054609,0.370499723543164,-0.06308722234254904,26.690925233523224
-1.1164401257719254,-0.6874438374458643,0.8434229649462889,31.24554295070161
1.1107119115212063,0.400208963020669,-0.09842705967751558,15.72084333926592
0.5991298141409397,0.06856561017151311,-1.530179599822099,17.409535954162912
0.11236251323512443,-0.27712943004939844,1.5674316636687615,17.817550666501834
-0.45010275536324135,-1.2885292463437215,1.5155762856448125,25.671544690881262
1.325190321877875,1.2997603769138715,0.9733416982609082,10.624322546289088
-0.3349807353566892,-0.19597287743008798,1.6828697821305811,21.87179393193275
1.1176460891498872,-1.069684869522932,0.14482765049000337,21.75272195376987
-0.1750793682051889,-0.4768393386971588,1.5845678267176702,18.216825317518616
-0.38806683858889673,-0.31806038944768994,-1.469047657578082,27.852611398742265
-0.09444381300747566,1.0975087715846124,-0.4706072770300646,16.685750410892627
-0.6468641604907759,0.7759010974820313,-0.9535179888353906,26.441420203163226
0.8813716881020964,0.8981105665217894,-1.0552228168256794,16.50356613720502
0.04268565063174097,-1.6983278036798408,-1.244636503405528,29.819604354076688
-0.8837383045718329,-0.31112908012074225,0.41306716014239736,25.46983191992376
1.4018160150987755,-0.08790858389024903,0.9600291209618483,16.234008006984585
-0.3642757428346087,-1.6703833191241317,0.2612225278789496,30.75867321829938
0.18252706738730057,-0.8464625123771318,-1.2234346114481776,26.891406386745302
1.42543842683534,0.86724166365563,1.0626072885123317,10.341500920049183
0.4588542961656458,-1.2666170200840345,0.45967549835246435,24.01817816816428
-1.2786633298257892,0.09687872148995427,-0.3932140679597485,27.932854003663056
1.5396884664509205,-0.999218169390158,0.5910758465292075,17.90181077693176
0.47073840939654893,-1.6945971634220112,-0.8346873991787807,29.37552219901209
-0.5320396932505682,-0.9101918350768754,-0.5411288164174961,30.736867554266677
-1.2020376383393145,1.6054321676222085,1.4287054692338599,20.22073665043093
1.0403346982061779,1.0084783347985604,-0.7293638508540177,15.746285778225312
0.44458934853635834,1.5496285083274932,-0.11158086732071681,13.018704214506265
0.14796517929980302,-0.06561777292286466,1.3345850114309978,20.75717838557546
1.3823565618013636,-1.3603478598460381,0.7066962331566243,18.792083052588158
1.0217451756754927,0.14019194769338558,-1.5151766934431947,15.150125207867797
-1.1595609997980891,-0.18024685846453378,-1.222263179683291,28.5070746922797
-0.6114377790737004,1.155100096468549,-1.702289404016263,24.23680956862809
-0.8279953866164526,-1.400251529819557,0.4423522018233735,29.43767251397804
0.8688264919048417,-0.06429231028371023,-0.1883885402748314,15.790164995420165
-1.56417052927377,-1.2223121567301107,-1.267106212071293,36.84880279164821
0.27272437004689526,-0.624363201918216,1.5679284132426932,20.725329367590163
0.9322269970270335,0.7887166317083506,0.09380824129605773,14.553472109526194
1.3237008798437957,-0.10614565299127497,-0.8966836066567406,15.540230456074518
-0.5074631557913296,-0.4490046942754059,-0.006203016059424849,28.37780064025368
1.1335981599501639,-0.38535672144278726,0.6099725506853255,19.813470159610425
-1.3001239167738712,-0.16288838515630757,-1.4668648195644702,30.935346305996084
1.2198849458785186,0.9519095249132372,-0.7837498168046888,13.105958874839848
-1.24239299165819,1.3185263100186961,1.0482944949650983,24.3091588686724
-0.3183974198425822,1.5351034323960726,-0.14711399509284157,18.99723284520576
1.0515342681723074,0.9583703457363544,0.15203798238504096,13.449338585114225
-1.1655798525666705,-0.6561017026185416,-0.2395277804241384,32.18951724176015
-0.893880046305227,0.6201721266705151,-1.5781765823793308,23.83635595966022
0.7945306913302687,-0.23768417674385015,-1.1587695289975386,23.264978367047384
0.7869413139228728,-0.8640714716141709,-0.19572614848013267,21.13207232116262
0.5167657458460697,1.1431652299579784,-1.0092639299256223,16.998039011478244
0.697595857586138,-1.6045230795039367,-1.5572523726095564,25.576309446763787
0.1796899352907207,1.3516627931668077,1.174561393062785,15.482490622550218
-0.8166597078377709,-0.1559349881536265,1.647983837497967,20.99200002905144
-0.49508523451904735,0.44576939694132184,1.0007170574156306,25.012362284170727
-1.0570824619005181,0.5216225678917488,1.209446942735406,24.509914562852547
1.4322141446812464,1.328911917115452,-0.896395042501331,13.176040246112033
0.31896585702141644,0.4439484553208361,1.5771972163771208,18.747964745914565
-0.3061911426986219,0.36609677563385234,-1.051462018459925,22.439614931484748
-0.09675203974350598,-1.5078742368327693,1.5455405804310853,25.72659795091527
1.5652070935555769,0.039003458561588426,1.6948871523079454,10.757513298321562
-1.1538193094403086,-1.2219001084731353,0.7204692400835446,32.488223135144466
0.3286854537054043,0.7889792339059923,1.6478158769770452,11.420894344103964
0.0535362796110356,0.01782135526317324,0.23107536453883662,21.398081161807973
0.41507298359326916,0.593097667601928,-0.8359375197836272,18.484379029374
-1.6169880385635875,-1.593406418018764,-0.2251406245244134,36.662035803874986
1.3078040757080713,-1.4457603420993241,0.3137561658529621,20.0887088022382
1.5132704112796074,0.7166942430525048,-1.4777334690991462,13.148744810078218
0.2564344943315814,-1.48927327305127,0.41282492273457394,23.22175797812229
0.7068508587120147,-1.492107123115348,1.64793326626129,20.128026836932303
1.4803279820644206,-1.6946392783739799,-1.0749297578107606,19.354060622997256
0.7431115692382133,1.5390984220096267,0.9988316757708872,14.008644362311012
-1.1566014482307418,0.7892346433591239,1.3957068521437288,23.13814574564839
0.2946382977690185,-0.5265166277449406,1.5189400611188721,14.084330392104242
0.3988423981132498,-0.7207198075787355,1.575505917371773,19.079396975199018
-0.2264652810431596,-0.5386661040184796,0.06558355375429727,22.87564592831466
0.8431337467454768,0.9164250735832651,1.634612974169351,9.357454112867156
1.5209717798430966,0.5285280016918467,0.8773810434193234,8.903359228482476
1.490839021894313,-1.1019640864851448,-1.1728071847263613,19.73360227698969
-0.13499439112420164,-1.1399249470791515,-0.0877903247461873,29.1258190429542
-1.2911979341443691,-1.3991795366117565,0.7432152436621148,32.62513927845357
1.6938337509801535,0.5248713874841817,-0.8779349617965905,12.021186739810071
1.1940136051638837,0.8812218941280654,0.4757168547739195,13.608594220933242
-1.2520712990169556,-0.8285432130719036,0.565158223498231,29.487784247801432
1.4746514471623842,-1.664381875380335,-1.1692677507922018,19.847617147685625
1.300175262068371,-1.4547327938722998,0.21574309188180849,17.05996278440656
0.09788479328428126,1.5779920332653197,0.9266591279250329,12.211871690492485
0.3459654359371294,-0.7244548772925498,-0.012081629433247186,21.828710380204097
-0.3125225408172047,0.8978306570908534,-1.6876212345239312,24.276470001205603
-1.4914655985716692,0.4028377901443594,-1.698169749728805,31.42559973960284
-0.5310409407807862,-0.4282839828742852,-0.5003854044819568,26.28716094051204
1.0705693683348327,-1.0317975669410966,1.4586791745565901,15.498825212355058
-1.6631475056898624,-1.3204558265235942,-0.9421748402499067,37.58439717783354
-0.5368564229762712,0.3697927397993896,0.45419921451655415,20.68705746937046
-0.3153788259283551,0.9163574448715124,-0.9648951640504274,24.33947183492816
0.16143993537863005,0.4687206720821134,-0.6220922770096059,19.04638462969107
1.4712737220357712,0.07973061269076535,1.18968011869804,10.955279813524644
-0.4928591375142303,-1.5924534004729434,0.7794604148769863,25.37683769760726
-0.49077959740380267,1.5801449392039086,-1.400915908868936,21.451994198661453
0.8467537609091168,0.9988122484219506,-0.2536881008840903,17.273469621108003
-0.1302731213810301,-0.7334355203279037,-1.6288778480711916,28.705596150177303
-0.9097934416057549,1.619459429913114,-0.07405660942345932,24.41744732589164
-0.12951427933429607,0.32482900451374647,0.5508172458417034,22.2044142419304
-1.1966095726699635,0.2581988142247438,-1.3213942072967058,27.693093226600386
-1.0749279630074282,0.8254101120672012,-0.734938398504211,26.022745329828048
0.027778980474119676,1.043516495312825,-0.3599267703104911,18.102966173841416
-0.24429191686819077,0.5117770746840485,1.435744982593157,22.49023811053852
1.4541166489071247,-1.2974821181902547,1.6895029066693665,13.394661940975572
-0.4378989139433848,-0.5778236729950814,-1.5746954945289566,30.53910912015752
0.30936473224986544,1.4417919163436868,0.8901085805184035,16.845038245077145
0.48634242062318905,-0.9669841652638447,-0.4498061802631574,26.925017143869454
-1.634165700965741,-0.4617468301931932,-0.3784393544829825,32.00398215213667
0.5934452306432269,-0.25660682407235197,0.8668993508768694,19.98717193734365
-1.069280600884367,-0.23151432867981894,1.4319429759527866,30.905103638892427
1.6124241849575218,0.3626931683832792,1.5438153957979295,9.101040696423404
-1.1698768976553062,1.4931273645668548,0.2571753790495978,20.606770063325243
-0.25902292568564267,-0.9119338540253423,-0.5000693761793473,23.341364326550277
-1.3867089370227772,-1.3200621932517924,0.9814632426011469,33.32135120566049
1.735044070146304,-1.0599329815849643,-0.865333570246438,13.859850682439989
0.04088635099818911,1.3008584485408792,0.21226225437965052,17.20060295036809
0.36003976686444045,0.47524900571806333,-0.4950533429537853,20.66326424353075
-1.4492902310477769,-0.7571143259167403,0.5308435373734388,31.658098790254005
0.8894236080439731,1.057819662930915,-0.9018272657569086,16.793977741872038
-0.9601347771955888,1.2133547686871733,-1.0698173701976013,25.917977165278742
1.3966094077130788,1.1624868522633667,1.4312981329776502,11.8691199617438
-0.9764570214536354,1.4104366611364971,-1.3788719491984096,23.563848485523238
-1.0259513795386483,-0.8723907791616522,0.01222660666269196,28.85904784763469
-1.5538372297561942,0.8492721157308429,-0.9691050311530945,27.95376277272962
-0.062295044083759174,-0.1591467237662811,-1.5952832476744396,27.24756183704523
0.25543429203147755,1.147024149788183,-1.6053034068233023,21.91916963038871
-1.4539747478904672,0.7583567973874118,-1.1261669382496093,30.388590787939076
0.9769849500583347,0.9225676986021425,1.254142793253257,14.862455853940022
-0.12660556684460517,0.5106924096723581,-0.7569885169296597,20.297715645496083
0.11689978799222756,-1.1285587254079117,1.54219963897234,25.888656159402167
-0.1695044123444078,0.13015040440709616,0.27266336719194884,25.42171822742538
-0.3064937404178248,1.6355508887234353,-0.22645442153142126,20.953094878739208
0.23762279310982132,1.473651614732982,0.2673852047399929,19.883711481807957
-1.147350475969819,-1.5882673416529864,0.04919532259134427,29.570520519699677
-1.0559508742716812,-1.1717507239549139,0.8824271748583911,28.830857450975884
1.272397919899249,-1.2850421089788064,-0.7569288946322792,19.07448540959376
1.561207393389013,0.7497595681233491,-0.514080955724264,14.146609114614709
-0.4005162289776734,1.0641145787211936,1.3481918030373694,17.074188295511146
-0.7517755244937121,-1.0050067049694962,1.528422494946868,28.295607347972087
0.5265328545795518,-0.003987800389024567,1.3429046338128006,20.170739151745884
-0.27919460032709287,1.1425880855820214,-0.28554045537313244,22.26114127292077
-1.5920688957064921,0.7731178303791048,0.9567373555057196,27.468558481537126
-1.1442258911939187,0.12059802298726212,-0.08973289678738801,26.11892155086265
0.7730220351602894,0.2853352687053158,-0.016748334720136895,15.72860584231944
0.5776453393786465,0.0045994536170571535,-1.0247713632979898,23.34972879813847
-1.586213799693418,-0.7172515943749146,0.3053899318141321,33.80338199196377
-0.9188096739289623,0.19861642412620772,-1.0886005254901867,28.171108269993585
-0.8876353341318441,0.6227422756051407,-0.5880346942268219,25.22553217441918
0.6220603736977104,1.2542832905601167,1.213733195322997,9.4039226216444
-1.6115072102968782,0.442653004990108,-1.0165253650638286,28.922382573521475
-1.3224641575182758,0.8700895721867724,-1.4843533866688807,32.853413588189
1.0605096040196043,-1.1879920596498486,-1.491756068941381,19.96724197162272
-1.0675384419229064,-0.15566102306520535,1.5088995002665566,26.369344570549472
0.5564877399099527,-1.7041476321549027,0.015539635022912255,26.33477144179181
-0.8632921927027783,-0.8914364030615661,-0.32008409228182144,27.4252507721262
-1.3384481608664556,0.7514093384336304,1.0617633484039968,25.836114391321143
-0.8462046606698488,1.6600000047670336,1.1476320987979765,21.967172112820712
0.794579882743579,-1.396500315289961,-0.5858788528751856,23.13858129571621
1.251544032096575,-0.3613259486392622,0.6581527093355762,21.47378901644901
1.1642927773004135,1.0034580488858635,0.924924032855395,8.454071027445977
-0.31875277617439146,-1.0374529781569684,0.5240270472642324,28.292683471270436
0.6090202331444982,0.16459055248426818,-1.2074900136652327,20.159401169992048
-0.9769890410350617,0.774041497646147,1.2855088000640624,24.693641380899717
-0.6750504287895862,0.3731226593119227,0.12628291531951022,25.43499007132401
1.3907240571076107,-1.092276611123911,-0.7570102621285645,17.894044423847664
-1.6344826045560523,-0.5192123793347307,-0.2656450403858781,33.273880273504496
-1.3861648701298066,0.9477157720878704,-1.5999604873272437,25.60424180881493
-0.9670505251949143,0.16165114653824753,-1.2891627145370785,30.131796540593072
-1.5881446404863087,-1.7181934938342982,0.9057312199126347,34.83248867403751
-1.0576382378283498,0.8696417728083273,-1.7292401070872583,29.301512077709937
0.31776639029645604,-1.6151892687136158,-0.2954608668996578,27.91891952951307
-0.23573309522425492,0.8173996800587776,0.06919951982855889,21.77070496457996
1.3781753682010796,-1.0427777776098563,-1.5412285189054893,20.80825657055338
1.1205370053927715,1.5444814571054455,1.6200541948049798,7.588522334141076
-0.5083686521441708,-0.47621819745584015,-0.9509569236795687,26.422361840371053
-0.7905480543256184,-0.6166393956186663,-0.6822283760726122,31.69185818917469
-0.378655670689132,-1.226286267849388,-0.6831102416976769,31.80803739489956
0.34260748186309853,-0.689667494928359,-0.9361861658681937,23.49817803177351
-0.7609574169609471,1.2656783155576627,-1.7242072593283204,25.392393702146688
0.4585491909174427,1.6754921565193086,0.7811241114928476,11.954285644380397
-0.2768743901237853,-0.47495544422205627,1.5986013725715884,24.97204294710794
0.21161807453966547,-0.19999288408622717,-0.9572621430781851,24.596693272763243
-0.18538234600178946,0.7363746844438149,0.5529278113203163,24.130993130725948
-0.6705364947229976,1.2983618372816106,0.8243264787564127,18.9747722036582
1.5692139510328853,0.2945689661153675,1.1909994008482252,10.559884287688066
0.9361555681490336,-0.39545993464913676,-0.2745907567033646,19.420532904523668
-1.1991570620080858,-0.3232236967219777,-0.6865921909496341,31.90889661271084
1.2952833821531755,0.6457965069387597,-0.6096145326744915,14.12346597004987
-0.009676163259991632,-1.725080646381057,0.7235619705952161,24.4999784158266
1.3846156837028847,0.3854628893378506,1.0820741921135621,13.954372480024652
1.0603012778301315,-0.518841059108929,-1.104165005340713,21.409230587740257
-0.22275683723915649,0.9833458664390562,-0.4525014661871537,19.468553961603572
-1.602059082991155,-1.4176870707389486,1.37519736537925,35.40605459177215
-0.7588555781287143,0.2779890288941365,1.0473583703240443,26.16603727362869
0.17595616360544977,-0.0891798377145604,1.6606017718307229,19.29121285682137
0.4904998461578004,0.4633148807529167,0.8668418224539609,17.160391906545907
-0.7958076227636715,-1.5140323758251317,-0.37590255006802026,32.59434717405371
-1.2017499536655432,0.2498477686036096,0.30369485295617554,25.67890234832429
1.180424672087407,0.18650383909339155,0.5459304416900689,14.746995843410014
1.6923302187727263,0.18368065417771975,-1.459235289633694,10.845731305843518
0.12135167805790557,0.3303284438772319,0.14487799421665745,22.21532776443211
-1.0910507082931054,0.5802234258877957,0.7122016360072378,22.091774563831105
-0.7464238115920673,1.0202980969299342,-1.1533603438783737,28.05188274109593
-1.6160274182704786,-0.8121953487247477,0.9576536653465131,30.99510915883254
1.4522429814770583,1.088987838384398,0.2800653437317197,10.616420401471844
-1.275741865014387,-0.03000106168443556,1.54826655897663,25.4004582304069
0.2954195381047539,-1.4722417737203068,-1.5832626334833244,26.94696249123876
-0.7404376934205671,-1.5356136114511665,-0.8160277761009714,34.78579828268705
0.2189156275132317,-0.5916201919552021,0.3412678731759255,17.358404506465902
0.551947468687957,0.9515001111842624,-0.7085211458451016,20.27797048481612
1.1626555335516038,0.6871012352610962,0.7297673135282439,13.705994662079922
-0.9720677418123741,0.9642310373186416,0.883215491704178,20.785595640252215
-1.6413529981243884,0.0351034762571273,-1.3764202780976926,30.825173527673822
-1.2102106316723922,-0.22879552977162324,0.0394065484536737,32.61204062690643
1.4033368434225684,-1.2312017079764095,0.022320778509267312,16.586116419594102
1.3138527794882346,-0.6123210795451941,-0.458216004010036,15.587233887425768
0.3669854709001349,-0.24995548107859772,1.4818465632186504,21.04320532604893
0.3776150983009429,-1.4327197840375852,1.118996013817901,23.413263840654498
0.5985799820954801,-0.9806932720990507,0.6705140455036698,19.082438515670457
-1.0784065188181222,0.3123093206533036,0.7294316210638696,26.33695016198077
1.4526304566560329,0.78291625734834,-0.14005351346486997,10.53918128708743
-0.2448224964965308,1.682385554113236,1.4407823363063457,18.60692782093689
-0.3668535361978093,1.4590143044698247,0.6615168154253066,21.044299800652
0.0981575691120821,0.4641355578610072,0.779872144718545,20.26134397425949
-1.51816390500129,-0.2936863000356029,1.2366593274722406,29.912323307150665
-1.1095304297499495,0.4422626892707505,-0.7859259372365509,31.58751538259516
0.8485769946681755,0.9540841108006815,1.0486573263770278,13.400068497419271
-1.3954455005147,-1.3309002449080982,-1.0572621366205412,32.80821456130719
0.38664019399126365,-0.33252692968447983,-0.5406133985335756,22.978314416184347
-0.8387492364690075,1.1395038136575733,-0.5741092076807864,28.44549081539713
-0.34576699456156484,-0.421801008310005,1.638803816196861,20.74079291224092
-0.6903042878954279,0.22207276615955415,1.2189203644216577,22.63656348422876
-0.4609173519847481,0.2765066959610367,0.6841460137632064,23.666772318624435
0.7835486391800764,-1.104427123973476,0.7732487053404163,20.07849496461261
-0.6614404823595058,-0.4957540013107003,0.20537400688376517,24.92965445173145
0.260788928508558,-0.5906855031124,1.5306052524221707,22.489029697311462
-0.048652659261362814,-1.6463991337983028,-0.021157877479836405,32.029409853565326
0.5939034407534738,-1.6532643536803044,-0.4195384656674142,25.049468669309164
1.529406020591652,1.111750295120792,-1.1681126395001078,11.031566856494033
0.8298726016761954,-0.8010665719164618,0.9768391451079739,15.639562578170707
-0.9428918448162535,0.037876039491822215,0.7986753408396312,26.400240252212388
-1.5722163170168546,-0.7132209577941635,-0.4063303831535857,35.48368531161133
-0.7808196436179347,1.4849210854336978,-1.6425644408781317,25.586745809060663
0.35898806886763474,-0.848230911318013,1.158548054692305,21.060236407222718
-1.5028900000250773,-0.2648934938145737,-1.68997946293379,32.43756681566354
0.020924235710009047,1.2522539187552855,0.6928539898633654,15.253798970098666
0.3650324903218695,1.146801628006423,1.610344131526573,16.167607311706966
-0.5343059386427536,-1.09886232538992,-0.2228501719700178,30.4867678576028
0.961178268033471,1.0122661161415663,-0.9205018601029363,12.636831274258489
-1.3139376311521422,-0.16720240186337615,0.696885364121104,31.772737078340285
-1.4216821977195533,-0.0823453065259909,1.0832743329721954,29.453481682805734
0.8148607103760248,-1.2790457509333464,0.15153260755367948,24.306268247646905
0.017927806964734307,-1.4601092268733333,1.599254579559879,21.26889518736376
0.6786019736546339,0.7564688262688587,-1.5514364505045546,16.218704386779233
-0.18983176187168666,-0.036145791146863594,0.008225938425320423,23.084661531200524
-0.8351432259001513,-0.24026057637409745,0.7436378246290598,27.222173913792897
1.1262178465053754,0.7618410405847768,1.2399277376600624,15.795539096988795
1.058796517094296,0.8851262294300735,-1.112282464504308,17.299562711975472
0.7001576684968519,-1.1919759395916507,1.0243312644970743,20.00100049277884
-0.7469792709959617,0.3533985578800787,0.1731372097975346,22.86177941087233
0.34238735319746577,-1.2726285282217356,-0.3643426609720616,27.24091843627208
-0.4427620807124986,0.8367163169245442,-1.275917118697174,22.248046988960525
-1.365364444321989,0.5134088470338941,1.2490672362510322,29.266311128885707
1.4625678416646377,1.5394861131667184,-1.187945882588625,11.404164807461568
-1.210440087686233,-1.4999782428193558,-0.6629905616160586,37.25599418540104
1.575323883496681,-1.5407368439520657,-0.7309436380357159,21.01679712723441
-0.15154830612936285,-0.7698511654971374,1.270126335444142,23.070398576309262
